<?xml version="1.0" encoding="UTF-8" standalone="yes"?>
<tempoReportHaul xmlns:a="http://www.appian.com/ae/types/2009">
    <tempoReport a:uuid="0064dd4f-6623-4a0b-8762-65cdf4d755ca" name="EMS">
        <a:description>Aggregated information and metrics on EMS</a:description>
        <a:uiExpr>=#"_a-0001dda0-2f73-8000-aae2-01ef9001ef90_16250"()</a:uiExpr>
        <a:urlStub>-i9CLQ</a:urlStub>
    </tempoReport>
    <roleMap>
        <role name="report_administrator">
            <users/>
            <groups>
                <groupUuid>SYSTEM_GROUP_ROLE_QUICK_APP_CREATORS</groupUuid>
            </groups>
        </role>
        <role name="report_viewer">
            <users/>
            <groups>
                <groupUuid>_e-0000dda0-2f7f-8000-aae2-011e94011e94_110</groupUuid>
            </groups>
        </role>
    </roleMap>
</tempoReportHaul>
