<?xml version="1.0" encoding="UTF-8" standalone="yes"?>
<recordTypeHaul xmlns:a="http://www.appian.com/ae/types/2009">
    <recordType a:uuid="8d17c056-5a85-4750-838b-237b1ef2d71a" name="EMS">
        <a:pluralName>EMS</a:pluralName>
        <a:description>List of entries in the Employee Management System application</a:description>
        <a:urlStub>r5cDOg</a:urlStub>
        <a:source xmlns:xsi="http://www.w3.org/2001/XMLSchema-instance" xsi:type="a:DataStoreEntity" a:uuid="70a68d30-a64c-4b94-af57-16d53764f5f6@_a-0001dda0-2f73-8000-aae2-01ef9001ef90_16256"/>
        <a:listViewTemplateExpr>#"SYSTEM_SYSRULES_recordGridLayoutColumns"(
  emptygridmessage: "No EMS available",
  columns: {
    #"SYSTEM_SYSRULES_gridLayoutColumn"(
      label: "Employee Name",
      weight: 7,
      field: "employeeName",
      component: #"SYSTEM_SYSRULES_recordGrid_linkField"(
        links: #"SYSTEM_SYSRULES_recordLink"(
          label: rf!employeeName,
          recordType: rp!type,
          identifier: rp!id
        )
      )
    ),
    #"SYSTEM_SYSRULES_gridLayoutColumn"(
      label: "Status",
      width: "DISTRIBUTE",
      weight: 3,
      field: "EMS_status.order",
      component: #"SYSTEM_SYSRULES_recordGrid_textField"(
        displayvalue: rf!EMS_status.value
      )
    ),
    #"SYSTEM_SYSRULES_gridLayoutColumn"(
      label: "Priority",
      width: "DISTRIBUTE",
      weight: 2,
      field: "EMS_priority.order",
      align: "CENTER",
      component: #"SYSTEM_SYSRULES_recordGrid_imageField"(
        images: {
          #"_a-0001dda0-2f73-8000-aae2-01ef9001ef90_16240"(rf!EMS_priority.value)
        },
        size: "ICON"
      )
    ),
    #"SYSTEM_SYSRULES_gridLayoutColumn"(
      label: "Created By",
      weight: 4,
      field: "createdBy",
      component: #"SYSTEM_SYSRULES_recordGrid_linkField"(
        links: {
          #"SYSTEM_SYSRULES_userRecordLink"(
            label: #"97597486-ded5-4b50-a2f8-f297f610d000_FORMATNAME"(rf!createdBy),
            user: rf!createdBy
          )
        }
      )
    ),
    #"SYSTEM_SYSRULES_gridLayoutColumn"(
      label: "Updated On",
      width: "DISTRIBUTE",
      weight: 2,
      field: "updatedOn",
      align: "RIGHT",
      component: #"SYSTEM_SYSRULES_recordGrid_textField"(
        displayvalue: #"_a-0001dda0-2f73-8000-aae2-01ef9001ef90_16226"(rf!updatedOn),
        align: "RIGHT"
      )
    )
  },
  pageSize: 50,
  defaultSort: #"SYSTEM_SYSRULES_sortInfo"(
    field: "updatedOn",
    ascending: false
  )
)</a:listViewTemplateExpr>
        <a:fieldCfg name="Status">
            <a:isSortable>false</a:isSortable>
            <a:isSearchable>false</a:isSearchable>
            <a:isFacet>true</a:isFacet>
            <a:facetType>EXPRESSION</a:facetType>
            <a:isExclusiveFacet>true</a:isExclusiveFacet>
            <a:facetExpr>with(
  local!options: #"_a-0001dda0-2f73-8000-aae2-01ef9001ef90_16263"(),
  local!statusCounts: #"SYSTEM_SYSRULES_queryEntity"(
    entity: #"7bb0bbb8-4ea0-4b9a-8dba-bfdd2371b664_MAINDSECONSTANT",
    query: #"SYSTEM_SYSRULES_query"(
      aggregation: #"SYSTEM_SYSRULES_queryAggregation"(
        aggregationColumns: {
          #"SYSTEM_SYSRULES_queryAggregationColumn"(field: "EMS_status.value", isGrouping: true),
          #"SYSTEM_SYSRULES_queryAggregationColumn"(field: "id", aggregationFunction: "COUNT")
        }
      ),
      pagingInfo: #"SYSTEM_SYSRULES_pagingInfo"(1, -1, #"SYSTEM_SYSRULES_sortInfo"("EMS_status.value", true))
    )
  ),
  local!statusCountsOrdered: if(
    local!statusCounts.totalCount = 0,
    {},
    apply(
      #"_a-0001dda0-2f73-8000-aae2-01ef9001ef90_16236"(
        local!statusCounts.data.id,
        local!statusCounts.data.EMS_status.value,
        _
      ),
      local!options.value
    )
  ),
  #"SYSTEM_SYSRULES_facet"(
    name: "Status",
    options: apply(
      #"_a-0001dda0-2f73-8000-aae2-01ef9001ef90_16235"(_, "EMS_status", _),
      merge(
        local!options,
        local!statusCountsOrdered
      )
    )
  )
)</a:facetExpr>
            <a:sortOrderIndex>0</a:sortOrderIndex>
            <a:facetOrderIndex>0</a:facetOrderIndex>
            <a:visibilityExpr></a:visibilityExpr>
            <a:defaultOptionExpr></a:defaultOptionExpr>
        </a:fieldCfg>
        <a:fieldCfg name="Priority">
            <a:isSortable>false</a:isSortable>
            <a:isSearchable>false</a:isSearchable>
            <a:isFacet>true</a:isFacet>
            <a:facetType>EXPRESSION</a:facetType>
            <a:isExclusiveFacet>true</a:isExclusiveFacet>
            <a:facetExpr>with(
  local!options2: #"_a-0001dda0-2f73-8000-aae2-01ef9001ef90_16264"(),
  local!priorityCounts: #"SYSTEM_SYSRULES_queryEntity"(
    entity: #"7bb0bbb8-4ea0-4b9a-8dba-bfdd2371b664_MAINDSECONSTANT",
    query: #"SYSTEM_SYSRULES_query"(
      aggregation: #"SYSTEM_SYSRULES_queryAggregation"(
        aggregationColumns: {
          #"SYSTEM_SYSRULES_queryAggregationColumn"(field: "EMS_priority.value", isGrouping: true),
          #"SYSTEM_SYSRULES_queryAggregationColumn"(field: "id", aggregationFunction: "COUNT")
        }
      ),
      pagingInfo: #"SYSTEM_SYSRULES_pagingInfo"(1, -1, #"SYSTEM_SYSRULES_sortInfo"("EMS_priority.value", true))
    )
  ),
  local!priorityCountsOrdered: if(
    local!priorityCounts.totalCount = 0,
    {},
    apply(
      #"_a-0001dda0-2f73-8000-aae2-01ef9001ef90_16236"(
        local!priorityCounts.data.id,
        local!priorityCounts.data.EMS_priority.value,
        _
      ),
      local!options2.value
    )
  ),
  #"SYSTEM_SYSRULES_facet"(
    name: "Priority",
    options: apply(
      #"_a-0001dda0-2f73-8000-aae2-01ef9001ef90_16235"(_, "EMS_priority", _),
      merge(
        local!options2,
        local!priorityCountsOrdered
      )
    )
  )
)</a:facetExpr>
            <a:sortOrderIndex>1</a:sortOrderIndex>
            <a:facetOrderIndex>1</a:facetOrderIndex>
            <a:visibilityExpr></a:visibilityExpr>
            <a:defaultOptionExpr></a:defaultOptionExpr>
        </a:fieldCfg>
        <a:fieldCfg name="Created By">
            <a:isSortable>false</a:isSortable>
            <a:isSearchable>false</a:isSearchable>
            <a:isFacet>true</a:isFacet>
            <a:facetType>EXPRESSION</a:facetType>
            <a:isExclusiveFacet>true</a:isExclusiveFacet>
            <a:facetExpr>with(
  local!creators:#"SYSTEM_SYSRULES_queryEntity"(
    entity: #"7bb0bbb8-4ea0-4b9a-8dba-bfdd2371b664_MAINDSECONSTANT",
    query: #"SYSTEM_SYSRULES_query"(
      aggregation: #"SYSTEM_SYSRULES_queryAggregation"(
        aggregationColumns: {
          #"SYSTEM_SYSRULES_queryAggregationColumn"(field: "createdBy", isGrouping: true),
          #"SYSTEM_SYSRULES_queryAggregationColumn"(field: "createdBy", alias: "numberCreated", aggregationFunction: "COUNT")
        }
      ),
      pagingInfo: #"SYSTEM_SYSRULES_pagingInfo"(1, -1, #"SYSTEM_SYSRULES_sortInfo"("createdBy", true))
    )
  ),
  if(
    local!creators.totalCount = 0,
    {},
    #"SYSTEM_SYSRULES_facet"(
      name: "Created By",
      options: apply(
        #"_a-0001dda0-2f73-8000-aae2-01ef9001ef90_16224",
        merge(
          1+enumerate(local!creators.totalCount),
          local!creators.data.createdBy,
          local!creators.data.numberCreated
        )
      )
    )
  )
)</a:facetExpr>
            <a:sortOrderIndex>2</a:sortOrderIndex>
            <a:facetOrderIndex>2</a:facetOrderIndex>
            <a:visibilityExpr></a:visibilityExpr>
            <a:defaultOptionExpr></a:defaultOptionExpr>
        </a:fieldCfg>
        <a:detailViewCfg>
            <a:nameExpr>="Summary"</a:nameExpr>
            <a:uiExpr>#"_a-0001dda0-2f73-8000-aae2-01ef9001ef90_16248"(rp!id)</a:uiExpr>
            <a:visibilityExpr>=true()</a:visibilityExpr>
            <a:urlStub>summary</a:urlStub>
            <a:headerExpr></a:headerExpr>
            <a:relatedActionCfg>edc4a113-3289-47bb-8fc9-5975a330f5a7</a:relatedActionCfg>
            <a:relatedActionCfg>c0e278c1-6b54-4a66-af8b-d5ccf928622e</a:relatedActionCfg>
            <a:relatedActionCfg>4dced66b-3633-4f1b-943b-8a6c0cc7f0c7</a:relatedActionCfg>
            <a:relatedActionCfg>7b468416-c3bb-4596-9646-4b6326269762</a:relatedActionCfg>
        </a:detailViewCfg>
        <a:detailViewCfg>
            <a:nameExpr>"Activity History"</a:nameExpr>
            <a:uiExpr>#"_a-0001dda0-2f73-8000-aae2-01ef9001ef90_16238"(rp!id)</a:uiExpr>
            <a:visibilityExpr>=true()</a:visibilityExpr>
            <a:urlStub>_WnXJTw</a:urlStub>
            <a:headerExpr></a:headerExpr>
            <a:relatedActionCfg>edc4a113-3289-47bb-8fc9-5975a330f5a7</a:relatedActionCfg>
            <a:relatedActionCfg>c0e278c1-6b54-4a66-af8b-d5ccf928622e</a:relatedActionCfg>
            <a:relatedActionCfg>4dced66b-3633-4f1b-943b-8a6c0cc7f0c7</a:relatedActionCfg>
        </a:detailViewCfg>
        <a:relatedActionCfg>
            <a:target xmlns:xsi="http://www.w3.org/2001/XMLSchema-instance" xsi:type="a:ProcessModel" a:uuid="46ef3b4d-2d90-42f4-8092-bf3ed6e6b979"/>
            <a:contextExpr>with(
  local!record: #"8ce86692-a813-43e9-a433-b3216531dc5f_GETONERECORD"(rp!id),
  {
    record: local!record,
    documents: folder(local!record.folderId, "documentChildren"),
  }
)</a:contextExpr>
            <a:visibilityExpr>=true()</a:visibilityExpr>
            <a:iconId>f0e7</a:iconId>
            <a:refId>edc4a113-3289-47bb-8fc9-5975a330f5a7</a:refId>
        </a:relatedActionCfg>
        <a:relatedActionCfg>
            <a:target xmlns:xsi="http://www.w3.org/2001/XMLSchema-instance" xsi:type="a:ProcessModel" a:uuid="c3295274-596d-403c-a4cc-195b69cb1fd2"/>
            <a:contextExpr>{
  recordId: rp!id
}</a:contextExpr>
            <a:visibilityExpr>=true()</a:visibilityExpr>
            <a:iconId>f0e7</a:iconId>
            <a:refId>c0e278c1-6b54-4a66-af8b-d5ccf928622e</a:refId>
        </a:relatedActionCfg>
        <a:relatedActionCfg>
            <a:target xmlns:xsi="http://www.w3.org/2001/XMLSchema-instance" xsi:type="a:ProcessModel" a:uuid="36b60c40-5a63-4d61-95eb-6a6d7e2906e4"/>
            <a:contextExpr>{
  recordId: rp!id
}</a:contextExpr>
            <a:visibilityExpr>=true()</a:visibilityExpr>
            <a:iconId>f0e7</a:iconId>
            <a:refId>4dced66b-3633-4f1b-943b-8a6c0cc7f0c7</a:refId>
        </a:relatedActionCfg>
        <a:relatedActionCfg>
            <a:target xmlns:xsi="http://www.w3.org/2001/XMLSchema-instance" xsi:type="a:ProcessModel" a:uuid="e4fdb5a4-a34d-4066-87f0-df8a05c4093d"/>
            <a:contextExpr>{
  record: #"8ce86692-a813-43e9-a433-b3216531dc5f_GETONERECORD"(rp!id)
}</a:contextExpr>
            <a:visibilityExpr>=true()</a:visibilityExpr>
            <a:iconId>f0e7</a:iconId>
            <a:refId>7b468416-c3bb-4596-9646-4b6326269762</a:refId>
        </a:relatedActionCfg>
        <a:isSystem>false</a:isSystem>
        <a:dataSrcExpr></a:dataSrcExpr>
        <a:facetsListExpr></a:facetsListExpr>
        <a:titleExpr>rf!employeeName</a:titleExpr>
        <a:defaultFiltersExpr></a:defaultFiltersExpr>
        <a:layoutType>GRID</a:layoutType>
        <a:security>16383</a:security>
    </recordType>
    <roleMap>
        <role name="record_type_administrator">
            <users/>
            <groups>
                <groupUuid>SYSTEM_GROUP_ROLE_QUICK_APP_CREATORS</groupUuid>
            </groups>
        </role>
        <role name="record_type_viewer">
            <users/>
            <groups>
                <groupUuid>_e-0000dda0-2f7f-8000-aae2-011e94011e94_110</groupUuid>
            </groups>
        </role>
    </roleMap>
</recordTypeHaul>
