<?xml version="1.0" encoding="UTF-8" standalone="yes"?>
<contentHaul xmlns:a="http://www.appian.com/ae/types/2009">
    <rule>
        <name>EMS_TaskForm</name>
        <uuid>3b3eec55-9f1f-4065-88f7-03347db922b9_TASKFORM</uuid>
        <description>Form for ad-hoc tasks sent from EMS records</description>
        <parentUuid>41327b2c-a17c-4e00-8f1f-6e5ff91cb2fb</parentUuid>
        <visibility>
            <advertise>false</advertise>
            <hierarchy>true</hierarchy>
            <indexable>true</indexable>
            <quota>false</quota>
            <searchable>true</searchable>
            <system>false</system>
            <unlogged>false</unlogged>
        </visibility>
        <definition>load(
  local!record: #"8ce86692-a813-43e9-a433-b3216531dc5f_GETONERECORD"(ri!recordId),
  #"SYSTEM_SYSRULES_formLayout"(
    label: "Task about " &amp; local!record.employeeName,
    firstColumnContents: {
      #"SYSTEM_SYSRULES_sectionLayout"(
        label: "Task Information",
        firstColumnContents: {
          #"SYSTEM_SYSRULES_paragraphField"(
            label: "Task Details",
            labelPosition: "ADJACENT",
            value: ri!taskDetails,
            readOnly: true
          ),
          #"SYSTEM_SYSRULES_linkField"(
            label: "Record Link",
            labelPosition: "ADJACENT",
            links: #"SYSTEM_SYSRULES_recordLink"(
              label: local!record.employeeName,
              recordType: #"_a-0001dda0-2f73-8000-aae2-01ef9001ef90_16215",
              identifier: local!record.id
            )
          )
        },
        secondColumnContents: {
          #"SYSTEM_SYSRULES_linkField"(
            label: "Task From",
            labelPosition: "ADJACENT",
            links: #"_a-0001dda0-2f73-8000-aae2-01ef9001ef90_16249"(
              username: ri!taskFrom,
              label: #"97597486-ded5-4b50-a2f8-f297f610d000_FORMATNAME"(ri!taskFrom)
            )
          ),
          #"SYSTEM_SYSRULES_dateTimeField"(
            label: "Task Sent",
            labelPosition: "ADJACENT",
            value: ri!taskedOn,
            readOnly: true
          )
        }
      ),
      #"SYSTEM_SYSRULES_sectionLayout"(
        label: "",
        firstColumnContents: {
          #"SYSTEM_SYSRULES_paragraphField"(
            label: "Comments",
            labelPosition: "ADJACENT",
            required: true,
            validations: if(
              len(ri!comments)&gt;4000,
              "Comments may not be longer than 4000 characters. You have entered " &amp; len(ri!comments) &amp; " characters.",
              ""
            ),
            helpTooltip: "Any comments entered here will be shared in the record’s activity history",
            value: ri!comments,
            saveInto: ri!comments,
            refreshAfter: "KEYPRESS"
          )
        }
      ),
      #"_a-0001dda0-2f73-8000-aae2-01ef9001ef90_16244"(
        label: "Record Information",
        record: local!record,
        creating: false,
        readOnly: true,
        documents: if(
          isnull(local!record.folderId),
          {},
          folder(local!record.folderId, "documentChildren")
        )
      )
    },
    buttons: #"SYSTEM_SYSRULES_ButtonLayout"(
      primaryButtons: {
        #"SYSTEM_SYSRULES_ButtonWidgetSubmit"(
          label: "Task Completed",
          style: "PRIMARY"
        )
      },
      secondaryButtons: {
        #"SYSTEM_SYSRULES_ButtonWidgetSubmit"(
          label: "Skip Task",
          style: "NORMAL",
          value: true,
          saveInto: ri!cancel,
          skipValidation: true
        )
      }
    )
  )
)</definition>
        <namedTypedValue>
            <name>cancel</name>
            <type>
                <name>boolean</name>
                <namespace>http://www.w3.org/2001/XMLSchema</namespace>
            </type>
        </namedTypedValue>
        <namedTypedValue>
            <name>taskDetails</name>
            <type>
                <name>string</name>
                <namespace>http://www.w3.org/2001/XMLSchema</namespace>
            </type>
            <value/>
        </namedTypedValue>
        <namedTypedValue>
            <name>taskFrom</name>
            <type>
                <name>string</name>
                <namespace>http://www.w3.org/2001/XMLSchema</namespace>
            </type>
            <value/>
        </namedTypedValue>
        <namedTypedValue>
            <name>taskedOn</name>
            <type>
                <name>dateTime</name>
                <namespace>http://www.w3.org/2001/XMLSchema</namespace>
            </type>
        </namedTypedValue>
        <namedTypedValue>
            <name>recordId</name>
            <type>
                <name>int</name>
                <namespace>http://www.w3.org/2001/XMLSchema</namespace>
            </type>
        </namedTypedValue>
        <namedTypedValue>
            <name>comments</name>
            <type>
                <name>string</name>
                <namespace>http://www.w3.org/2001/XMLSchema</namespace>
            </type>
            <value/>
        </namedTypedValue>
        <preferredEditor>interface</preferredEditor>
        <offlineEnabled>false</offlineEnabled>
    </rule>
    <roleMap public="true">
        <role inherit="true" allowForAll="false" name="readers">
            <users/>
            <groups/>
        </role>
        <role inherit="true" allowForAll="false" name="authors">
            <users/>
            <groups/>
        </role>
        <role inherit="true" allowForAll="false" name="administrators">
            <users/>
            <groups/>
        </role>
        <role inherit="false" allowForAll="false" name="denyReaders">
            <users/>
            <groups/>
        </role>
        <role inherit="false" allowForAll="false" name="denyAuthors">
            <users/>
            <groups/>
        </role>
        <role inherit="false" allowForAll="false" name="denyAdministrators">
            <users/>
            <groups/>
        </role>
    </roleMap>
</contentHaul>
