<?xml version="1.0" encoding="UTF-8" standalone="yes"?>
<contentHaul xmlns:a="http://www.appian.com/ae/types/2009">
    <rule>
        <name>EMS_GridFilters</name>
        <uuid>_a-0001dda0-2f73-8000-aae2-01ef9001ef90_16242</uuid>
        <description>Returns a rich text field representing the filters applied to a grid, along with a link for clearing them</description>
        <parentUuid>5dc87a26-e9e7-4449-b03a-da1a577e6c21</parentUuid>
        <visibility>
            <advertise>false</advertise>
            <hierarchy>true</hierarchy>
            <indexable>true</indexable>
            <quota>false</quota>
            <searchable>true</searchable>
            <system>false</system>
            <unlogged>false</unlogged>
        </visibility>
        <definition>#"SYSTEM_SYSRULES_richTextDisplayField"(
  label: "Filters",
  labelPosition: "ADJACENT",
  value: {
    if(isnull(ri!creator),
      {},
      {
        #"SYSTEM_SYSRULES_richTextItem"(text: "Creator: " &amp; #"97597486-ded5-4b50-a2f8-f297f610d000_FORMATNAME"(ri!creator)),
        char(10)
      }
    ),
    if(isnull(ri!creationTime),
      {},
      {
        #"SYSTEM_SYSRULES_richTextItem"(text: "Created In: " &amp; #"_a-0001dda0-2f73-8000-aae2-01ef9001ef90_16229"(eomonth(today(),ri!creationTime))),
        char(10)
      }
    ),
    if(isnull(ri!status),
      {},
      {
        #"SYSTEM_SYSRULES_richTextItem"(text: "Status: " &amp; ri!status),
        char(10)
      }
    ),
    if(isnull(ri!priority),
      {},
      {
        #"SYSTEM_SYSRULES_richTextItem"(text: "Priority: " &amp; ri!priority),
        char(10)
      }
    ),
    if(
      all(fn!isnull, {ri!creator, ri!creationTime, ri!status, ri!priority, ri!searchTerm}),
      #"SYSTEM_SYSRULES_richTextItem"(text: "&lt;no filter applied&gt;", style: "EMPHASIS"),
      {
        #"SYSTEM_SYSRULES_richTextItem"(
          text: "(Clear Filters and Search)",
          link: #"SYSTEM_SYSRULES_dynamicLink"(
            value: null,
            saveInto: {
              ri!creator,
              ri!creationTime,
              ri!status,
              ri!priority,
              ri!searchTerm
            }
          )
        )
      }
    )
  }
)</definition>
        <namedTypedValue>
            <name>creator</name>
            <type>
                <name>string</name>
                <namespace>http://www.w3.org/2001/XMLSchema</namespace>
            </type>
            <value/>
        </namedTypedValue>
        <namedTypedValue>
            <name>creationTime</name>
            <type>
                <name>int</name>
                <namespace>http://www.w3.org/2001/XMLSchema</namespace>
            </type>
        </namedTypedValue>
        <namedTypedValue>
            <name>status</name>
            <type>
                <name>string</name>
                <namespace>http://www.w3.org/2001/XMLSchema</namespace>
            </type>
            <value/>
        </namedTypedValue>
        <namedTypedValue>
            <name>priority</name>
            <type>
                <name>string</name>
                <namespace>http://www.w3.org/2001/XMLSchema</namespace>
            </type>
            <value/>
        </namedTypedValue>
        <namedTypedValue>
            <name>searchTerm</name>
            <type>
                <name>string</name>
                <namespace>http://www.w3.org/2001/XMLSchema</namespace>
            </type>
            <value/>
        </namedTypedValue>
        <preferredEditor>interface</preferredEditor>
        <offlineEnabled>false</offlineEnabled>
    </rule>
    <roleMap public="true">
        <role inherit="true" allowForAll="false" name="readers">
            <users/>
            <groups/>
        </role>
        <role inherit="true" allowForAll="false" name="authors">
            <users/>
            <groups/>
        </role>
        <role inherit="true" allowForAll="false" name="administrators">
            <users/>
            <groups/>
        </role>
        <role inherit="false" allowForAll="false" name="denyReaders">
            <users/>
            <groups/>
        </role>
        <role inherit="false" allowForAll="false" name="denyAuthors">
            <users/>
            <groups/>
        </role>
        <role inherit="false" allowForAll="false" name="denyAdministrators">
            <users/>
            <groups/>
        </role>
    </roleMap>
</contentHaul>
