<?xml version="1.0" encoding="UTF-8" standalone="yes"?>
<contentHaul xmlns:a="http://www.appian.com/ae/types/2009">
    <rule>
        <name>EMS_SendMessage</name>
        <uuid>_a-0001dda0-2f73-8000-aae2-01ef9001ef90_16251</uuid>
        <description>Interface to make a post from a EMS</description>
        <parentUuid>41327b2c-a17c-4e00-8f1f-6e5ff91cb2fb</parentUuid>
        <visibility>
            <advertise>false</advertise>
            <hierarchy>true</hierarchy>
            <indexable>true</indexable>
            <quota>false</quota>
            <searchable>true</searchable>
            <system>false</system>
            <unlogged>false</unlogged>
        </visibility>
        <definition>=#"SYSTEM_SYSRULES_formLayout"(
  label: if(
    isnull(ri!recordId),
    "Send Message",
    "Send Message from " &amp; #"8ce86692-a813-43e9-a433-b3216531dc5f_GETONERECORD"(ri!recordId).employeeName
  ),
  instructions: "Send a Tempo message about this record to all users of this application",
  firstColumnContents: {
    #"SYSTEM_SYSRULES_paragraphField"(
      label: "Message",
      labelPosition: "ABOVE",
      validations: if(len(ri!message)&gt;4000, "Message may not be longer than 4000 characters. You have entered " &amp; len(ri!message) &amp; " characters.", ""),
      value: ri!message,
      saveInto: ri!message,
      refreshAfter: "KEYPRESS",
      required: true
    ),
    #"SYSTEM_SYSRULES_fileUploadField"(
      label: "Upload Attachment",
      instructions: "This file will be displayed as an attachment to your Tempo message",
      target: #"_a-0001dda0-2f73-8000-aae2-01ef9001ef90_16214",
      value: ri!attachment,
      saveInto: ri!attachment
    )
  },
  buttons: #"SYSTEM_SYSRULES_ButtonLayout"(
    primaryButtons: {
      #"SYSTEM_SYSRULES_ButtonWidgetSubmit"(
        label: "Send Message",
        style: "PRIMARY"
      )
    },
    secondaryButtons: {
      #"SYSTEM_SYSRULES_ButtonWidgetSubmit"(
        label: "Cancel",
        style: "NORMAL",
        value: true,
        saveInto: ri!cancel,
        skipValidation: true
      )
    }
  )
)</definition>
        <namedTypedValue>
            <name>message</name>
            <type>
                <name>string</name>
                <namespace>http://www.w3.org/2001/XMLSchema</namespace>
            </type>
            <value/>
        </namedTypedValue>
        <namedTypedValue>
            <name>cancel</name>
            <type>
                <name>boolean</name>
                <namespace>http://www.w3.org/2001/XMLSchema</namespace>
            </type>
        </namedTypedValue>
        <namedTypedValue>
            <name>attachment</name>
            <type>
                <name>CollaborationDocument</name>
                <namespace>http://www.appian.com/ae/types/2009</namespace>
            </type>
        </namedTypedValue>
        <namedTypedValue>
            <name>recordId</name>
            <type>
                <name>int</name>
                <namespace>http://www.w3.org/2001/XMLSchema</namespace>
            </type>
        </namedTypedValue>
        <preferredEditor>interface</preferredEditor>
        <offlineEnabled>false</offlineEnabled>
    </rule>
    <roleMap public="true">
        <role inherit="true" allowForAll="false" name="readers">
            <users/>
            <groups/>
        </role>
        <role inherit="true" allowForAll="false" name="authors">
            <users/>
            <groups/>
        </role>
        <role inherit="true" allowForAll="false" name="administrators">
            <users/>
            <groups/>
        </role>
        <role inherit="false" allowForAll="false" name="denyReaders">
            <users/>
            <groups/>
        </role>
        <role inherit="false" allowForAll="false" name="denyAuthors">
            <users/>
            <groups/>
        </role>
        <role inherit="false" allowForAll="false" name="denyAdministrators">
            <users/>
            <groups/>
        </role>
    </roleMap>
</contentHaul>
