<?xml version="1.0" encoding="UTF-8" standalone="yes"?>
<contentHaul xmlns:a="http://www.appian.com/ae/types/2009">
    <rule>
        <name>EMS_GetYearDashMonth</name>
        <uuid>_a-0001dda0-2f73-8000-aae2-01ef9001ef90_16229</uuid>
        <description>Display month for a date as 2014-1</description>
        <parentUuid>5dc87a26-e9e7-4449-b03a-da1a577e6c21</parentUuid>
        <visibility>
            <advertise>false</advertise>
            <hierarchy>true</hierarchy>
            <indexable>true</indexable>
            <quota>false</quota>
            <searchable>true</searchable>
            <system>false</system>
            <unlogged>false</unlogged>
        </visibility>
        <definition>text(ri!date,"YYYY-M")</definition>
        <namedTypedValue>
            <name>date</name>
            <type>
                <name>date</name>
                <namespace>http://www.w3.org/2001/XMLSchema</namespace>
            </type>
        </namedTypedValue>
        <preferredEditor>legacy</preferredEditor>
        <offlineEnabled>false</offlineEnabled>
    </rule>
    <roleMap public="true">
        <role inherit="true" allowForAll="false" name="readers">
            <users/>
            <groups/>
        </role>
        <role inherit="true" allowForAll="false" name="authors">
            <users/>
            <groups/>
        </role>
        <role inherit="true" allowForAll="false" name="administrators">
            <users/>
            <groups/>
        </role>
        <role inherit="false" allowForAll="false" name="denyReaders">
            <users/>
            <groups/>
        </role>
        <role inherit="false" allowForAll="false" name="denyAuthors">
            <users/>
            <groups/>
        </role>
        <role inherit="false" allowForAll="false" name="denyAdministrators">
            <users/>
            <groups/>
        </role>
    </roleMap>
    <typedValue>
        <type>
            <name>RuleTestConfig?list</name>
            <namespace>http://www.appian.com/ae/types/2009</namespace>
        </type>
        <value>
            <el>
                <a:name>EMS_GetYearDashMonth_TestCase1</a:name>
                <a:ruleInputTestConfigs>
                    <a:value xmlns:xsd="http://www.w3.org/2001/XMLSchema" xmlns:xsi="http://www.w3.org/2001/XMLSchema-instance" xsi:type="xsd:date">2016-09-16Z</a:value>
                    <a:nameRef>date</a:nameRef>
                    <a:id>1</a:id>
                </a:ruleInputTestConfigs>
                <a:assertions>
                    <a:expectedOutput>
                        <a:type a:uuid="{http://www.appian.com/ae/types/2009}Text"/>
                        <a:runtimeType a:uuid="{http://www.appian.com/ae/types/2009}Text"/>
                        <a:value xmlns:xsd="http://www.w3.org/2001/XMLSchema" xmlns:xsi="http://www.w3.org/2001/XMLSchema-instance" xsi:type="xsd:string">2016-9</a:value>
                    </a:expectedOutput>
                </a:assertions>
            </el>
            <el>
                <a:name>EMS_GetYearDashMonth_TestCase2</a:name>
                <a:ruleInputTestConfigs>
                    <a:value xmlns:xsd="http://www.w3.org/2001/XMLSchema" xmlns:xsi="http://www.w3.org/2001/XMLSchema-instance" xsi:type="xsd:date">2016-09-28Z</a:value>
                    <a:nameRef>date</a:nameRef>
                    <a:id>1</a:id>
                </a:ruleInputTestConfigs>
                <a:assertions>
                    <a:expectedOutput>
                        <a:type a:uuid="{http://www.appian.com/ae/types/2009}Text"/>
                        <a:runtimeType a:uuid="{http://www.appian.com/ae/types/2009}Text"/>
                        <a:value xmlns:xsd="http://www.w3.org/2001/XMLSchema" xmlns:xsi="http://www.w3.org/2001/XMLSchema-instance" xsi:type="xsd:string">2016-9</a:value>
                    </a:expectedOutput>
                </a:assertions>
            </el>
        </value>
    </typedValue>
</contentHaul>
