<?xml version="1.0" encoding="UTF-8" standalone="yes"?>
<contentHaul xmlns:a="http://www.appian.com/ae/types/2009">
    <rule>
        <name>EMS_CreateUpdateEMS</name>
        <uuid>_a-0001dda0-2f73-8000-aae2-01ef9001ef90_16247</uuid>
        <description>Interface for creating and updating EMS</description>
        <parentUuid>41327b2c-a17c-4e00-8f1f-6e5ff91cb2fb</parentUuid>
        <visibility>
            <advertise>false</advertise>
            <hierarchy>true</hierarchy>
            <indexable>true</indexable>
            <quota>false</quota>
            <searchable>true</searchable>
            <system>false</system>
            <unlogged>false</unlogged>
        </visibility>
        <definition>load(
  local!creating: isnull(ri!record),
  local!oldRecord: ri!record,
  local!oldDocuments: if(
    isnull(ri!documents),
    {},
    ri!documents
  ),
  #"SYSTEM_SYSRULES_formLayout"(
    label: if(
      local!creating,
      "Add New Employee",
      "Update Employee"
    ),
    firstColumnContents: {
      #"_a-0001dda0-2f73-8000-aae2-01ef9001ef90_16244"(
        record: ri!record,
        documents: ri!documents,
        deletedDocuments: ri!deletedDocs,
        creating: local!creating,
        readOnly: false
      )
    },
    buttons: #"SYSTEM_SYSRULES_ButtonLayout"(
      primaryButtons: {
        if(
          local!creating,
          #"SYSTEM_SYSRULES_ButtonWidgetSubmit"(
            label: "Submit EMS",
            style: "PRIMARY",
            saveInto: {
              a!save(ri!record.createdOn, now()),
              a!save(ri!record.createdBy, loggedInUser()),
              a!save(ri!record.updatedOn, now()),
              a!save(ri!record.updatedBy, loggedInUser()),
              a!save(ri!documents, reject(fn!isnull, ri!documents))
            }
          ),
          #"SYSTEM_SYSRULES_ButtonWidgetSubmit"(
            label: "Update EMS",
            style: "PRIMARY",
            saveInto: {
              a!save(ri!record.updatedOn, now()),
              a!save(ri!record.updatedBy, loggedInUser()),
              a!save(ri!oldRecord, local!oldRecord),
              a!save(ri!documents, reject(fn!isnull, ri!documents)),
              a!save(ri!addedDocs, difference(ri!documents, local!oldDocuments)),
              a!save(ri!oldDocs, local!oldDocuments)
            }
          )
        )
      },
      secondaryButtons: {
        if(
          local!creating,
          #"SYSTEM_SYSRULES_ButtonWidgetSubmit"(
            label: "Cancel",
            style: "NORMAL",
            value: true,
            saveInto: {
              ri!cancel,
              if(
                isnull(ri!documents),
                {},
                a!save(ri!deletedDocs, append(ri!deletedDocs, ri!documents)) 
              )
            },
            skipValidation: true
          ),
          #"SYSTEM_SYSRULES_ButtonWidgetSubmit"(
            label: "Cancel",
            style: "NORMAL",
            value: true,
            saveInto: {
              ri!cancel,
              a!save(ri!addedDocs, difference(ri!documents, local!oldDocuments)),
              a!save(ri!deletedDocs, append(difference(ri!deletedDocs, local!oldDocuments), ri!addedDocs))
            },
            skipValidation: true
          )
        )
      }
    )
  )
)</definition>
        <namedTypedValue>
            <name>record</name>
            <type>
                <name>EMS_EMS</name>
                <namespace>urn:com:appian:types:EMS</namespace>
            </type>
        </namedTypedValue>
        <namedTypedValue>
            <name>oldRecord</name>
            <type>
                <name>EMS_EMS</name>
                <namespace>urn:com:appian:types:EMS</namespace>
            </type>
        </namedTypedValue>
        <namedTypedValue>
            <name>documents</name>
            <type>
                <name>CollaborationDocument?list</name>
                <namespace>http://www.appian.com/ae/types/2009</namespace>
            </type>
        </namedTypedValue>
        <namedTypedValue>
            <name>addedDocs</name>
            <type>
                <name>CollaborationDocument?list</name>
                <namespace>http://www.appian.com/ae/types/2009</namespace>
            </type>
        </namedTypedValue>
        <namedTypedValue>
            <name>deletedDocs</name>
            <type>
                <name>CollaborationDocument?list</name>
                <namespace>http://www.appian.com/ae/types/2009</namespace>
            </type>
        </namedTypedValue>
        <namedTypedValue>
            <name>oldDocs</name>
            <type>
                <name>CollaborationDocument?list</name>
                <namespace>http://www.appian.com/ae/types/2009</namespace>
            </type>
        </namedTypedValue>
        <namedTypedValue>
            <name>cancel</name>
            <type>
                <name>boolean</name>
                <namespace>http://www.w3.org/2001/XMLSchema</namespace>
            </type>
        </namedTypedValue>
        <preferredEditor>interface</preferredEditor>
        <offlineEnabled>false</offlineEnabled>
    </rule>
    <roleMap public="true">
        <role inherit="true" allowForAll="false" name="readers">
            <users/>
            <groups/>
        </role>
        <role inherit="true" allowForAll="false" name="authors">
            <users/>
            <groups/>
        </role>
        <role inherit="true" allowForAll="false" name="administrators">
            <users/>
            <groups/>
        </role>
        <role inherit="false" allowForAll="false" name="denyReaders">
            <users/>
            <groups/>
        </role>
        <role inherit="false" allowForAll="false" name="denyAuthors">
            <users/>
            <groups/>
        </role>
        <role inherit="false" allowForAll="false" name="denyAdministrators">
            <users/>
            <groups/>
        </role>
    </roleMap>
</contentHaul>
